file,record,time,n,nonzero,mean,p50,p90,p99,max,zero_fraction
alaska_ocn_wav_ice.002.cpl.hx.ww3.2022-09-13-03600.nc,0,2022-09-13 01:00:00,366,0,0.0,0.0,0.0,0.0,0.0,1.0
alaska_ocn_wav_ice.002.cpl.hx.ww3.2022-09-13-03600.nc,1,2022-09-13 02:00:00,366,0,0.0,0.0,0.0,0.0,0.0,1.0
alaska_ocn_wav_ice.002.cpl.hx.ww3.2022-09-13-03600.nc,2,2022-09-13 03:00:00,366,0,0.0,0.0,0.0,0.0,0.0,1.0
alaska_ocn_wav_ice.002.cpl.hx.ww3.2022-09-13-03600.nc,3,2022-09-13 04:00:00,366,0,0.0,0.0,0.0,0.0,0.0,1.0
alaska_ocn_wav_ice.002.cpl.hx.ww3.2022-09-13-03600.nc,4,2022-09-13 05:00:00,366,0,0.0,0.0,0.0,0.0,0.0,1.0
alaska_ocn_wav_ice.002.cpl.hx.ww3.2022-09-13-03600.nc,5,2022-09-13 06:00:00,366,0,0.0,0.0,0.0,0.0,0.0,1.0
alaska_ocn_wav_ice.002.cpl.hx.ww3.2022-09-13-03600.nc,6,2022-09-13 07:00:00,366,0,0.0,0.0,0.0,0.0,0.0,1.0
alaska_ocn_wav_ice.002.cpl.hx.ww3.2022-09-13-03600.nc,7,2022-09-13 08:00:00,366,0,0.0,0.0,0.0,0.0,0.0,1.0
alaska_ocn_wav_ice.002.cpl.hx.ww3.2022-09-13-03600.nc,8,2022-09-13 09:00:00,366,0,0.0,0.0,0.0,0.0,0.0,1.0
alaska_ocn_wav_ice.002.cpl.hx.ww3.2022-09-13-03600.nc,9,2022-09-13 10:00:00,366,0,0.0,0.0,0.0,0.0,0.0,1.0
alaska_ocn_wav_ice.002.cpl.hx.ww3.2022-09-13-03600.nc,10,2022-09-13 11:00:00,366,0,0.0,0.0,0.0,0.0,0.0,1.0
alaska_ocn_wav_ice.002.cpl.hx.ww3.2022-09-13-03600.nc,11,2022-09-13 12:00:00,366,0,0.0,0.0,0.0,0.0,0.0,1.0
alaska_ocn_wav_ice.002.cpl.hx.ww3.2022-09-13-03600.nc,12,2022-09-13 13:00:00,366,0,0.0,0.0,0.0,0.0,0.0,1.0
alaska_ocn_wav_ice.002.cpl.hx.ww3.2022-09-13-03600.nc,13,2022-09-13 14:00:00,366,0,0.0,0.0,0.0,0.0,0.0,1.0
alaska_ocn_wav_ice.002.cpl.hx.ww3.2022-09-13-03600.nc,14,2022-09-13 15:00:00,366,0,0.0,0.0,0.0,0.0,0.0,1.0
alaska_ocn_wav_ice.002.cpl.hx.ww3.2022-09-13-03600.nc,15,2022-09-13 16:00:00,366,0,0.0,0.0,0.0,0.0,0.0,1.0
alaska_ocn_wav_ice.002.cpl.hx.ww3.2022-09-13-03600.nc,16,2022-09-13 17:00:00,366,0,0.0,0.0,0.0,0.0,0.0,1.0
alaska_ocn_wav_ice.002.cpl.hx.ww3.2022-09-13-03600.nc,17,2022-09-13 18:00:00,366,0,0.0,0.0,0.0,0.0,0.0,1.0
alaska_ocn_wav_ice.002.cpl.hx.ww3.2022-09-13-03600.nc,18,2022-09-13 19:00:00,366,0,0.0,0.0,0.0,0.0,0.0,1.0
alaska_ocn_wav_ice.002.cpl.hx.ww3.2022-09-13-03600.nc,19,2022-09-13 20:00:00,366,0,0.0,0.0,0.0,0.0,0.0,1.0
alaska_ocn_wav_ice.002.cpl.hx.ww3.2022-09-13-03600.nc,20,2022-09-13 21:00:00,366,0,0.0,0.0,0.0,0.0,0.0,1.0
alaska_ocn_wav_ice.002.cpl.hx.ww3.2022-09-13-03600.nc,21,2022-09-13 22:00:00,366,0,0.0,0.0,0.0,0.0,0.0,1.0
alaska_ocn_wav_ice.002.cpl.hx.ww3.2022-09-13-03600.nc,22,2022-09-13 23:00:00,366,0,0.0,0.0,0.0,0.0,0.0,1.0
alaska_ocn_wav_ice.002.cpl.hx.ww3.2022-09-13-03600.nc,23,2022-09-14 00:00:00,15091,14725,10.148277576604603,10.544931411743164,13.78913402557373,14.89465026855469,17.963972091674805,0.024252865946590707
alaska_ocn_wav_ice.002.cpl.hx.ww3.2022-09-14-03600.nc,0,2022-09-14 01:00:00,366,0,0.0,0.0,0.0,0.0,0.0,1.0
alaska_ocn_wav_ice.002.cpl.hx.ww3.2022-09-14-03600.nc,1,2022-09-14 02:00:00,366,0,0.0,0.0,0.0,0.0,0.0,1.0
alaska_ocn_wav_ice.002.cpl.hx.ww3.2022-09-14-03600.nc,2,2022-09-14 03:00:00,366,0,0.0,0.0,0.0,0.0,0.0,1.0
alaska_ocn_wav_ice.002.cpl.hx.ww3.2022-09-14-03600.nc,3,2022-09-14 04:00:00,366,0,0.0,0.0,0.0,0.0,0.0,1.0
alaska_ocn_wav_ice.002.cpl.hx.ww3.2022-09-14-03600.nc,4,2022-09-14 05:00:00,366,0,0.0,0.0,0.0,0.0,0.0,1.0
alaska_ocn_wav_ice.002.cpl.hx.ww3.2022-09-14-03600.nc,5,2022-09-14 06:00:00,366,0,0.0,0.0,0.0,0.0,0.0,1.0
alaska_ocn_wav_ice.002.cpl.hx.ww3.2022-09-14-03600.nc,6,2022-09-14 07:00:00,366,0,0.0,0.0,0.0,0.0,0.0,1.0
alaska_ocn_wav_ice.002.cpl.hx.ww3.2022-09-14-03600.nc,7,2022-09-14 08:00:00,366,0,0.0,0.0,0.0,0.0,0.0,1.0
alaska_ocn_wav_ice.002.cpl.hx.ww3.2022-09-14-03600.nc,8,2022-09-14 09:00:00,366,0,0.0,0.0,0.0,0.0,0.0,1.0
alaska_ocn_wav_ice.002.cpl.hx.ww3.2022-09-14-03600.nc,9,2022-09-14 10:00:00,366,0,0.0,0.0,0.0,0.0,0.0,1.0
alaska_ocn_wav_ice.002.cpl.hx.ww3.2022-09-14-03600.nc,10,2022-09-14 11:00:00,366,0,0.0,0.0,0.0,0.0,0.0,1.0
alaska_ocn_wav_ice.002.cpl.hx.ww3.2022-09-14-03600.nc,11,2022-09-14 12:00:00,366,0,0.0,0.0,0.0,0.0,0.0,1.0
alaska_ocn_wav_ice.002.cpl.hx.ww3.2022-09-14-03600.nc,12,2022-09-14 13:00:00,366,0,0.0,0.0,0.0,0.0,0.0,1.0
alaska_ocn_wav_ice.002.cpl.hx.ww3.2022-09-14-03600.nc,13,2022-09-14 14:00:00,366,0,0.0,0.0,0.0,0.0,0.0,1.0
alaska_ocn_wav_ice.002.cpl.hx.ww3.2022-09-14-03600.nc,14,2022-09-14 15:00:00,366,0,0.0,0.0,0.0,0.0,0.0,1.0
alaska_ocn_wav_ice.002.cpl.hx.ww3.2022-09-14-03600.nc,15,2022-09-14 16:00:00,366,0,0.0,0.0,0.0,0.0,0.0,1.0
alaska_ocn_wav_ice.002.cpl.hx.ww3.2022-09-14-03600.nc,16,2022-09-14 17:00:00,366,0,0.0,0.0,0.0,0.0,0.0,1.0
alaska_ocn_wav_ice.002.cpl.hx.ww3.2022-09-14-03600.nc,17,2022-09-14 18:00:00,366,0,0.0,0.0,0.0,0.0,0.0,1.0
alaska_ocn_wav_ice.002.cpl.hx.ww3.2022-09-14-03600.nc,18,2022-09-14 19:00:00,366,0,0.0,0.0,0.0,0.0,0.0,1.0
alaska_ocn_wav_ice.002.cpl.hx.ww3.2022-09-14-03600.nc,19,2022-09-14 20:00:00,366,0,0.0,0.0,0.0,0.0,0.0,1.0
alaska_ocn_wav_ice.002.cpl.hx.ww3.2022-09-14-03600.nc,20,2022-09-14 21:00:00,366,0,0.0,0.0,0.0,0.0,0.0,1.0
alaska_ocn_wav_ice.002.cpl.hx.ww3.2022-09-14-03600.nc,21,2022-09-14 22:00:00,366,0,0.0,0.0,0.0,0.0,0.0,1.0
alaska_ocn_wav_ice.002.cpl.hx.ww3.2022-09-14-03600.nc,22,2022-09-14 23:00:00,366,0,0.0,0.0,0.0,0.0,0.0,1.0
alaska_ocn_wav_ice.002.cpl.hx.ww3.2022-09-14-03600.nc,23,2022-09-15 00:00:00,15091,14725,10.082604071751042,10.466832160949707,13.786369323730469,14.987261104583741,17.66160774230957,0.024252865946590707
alaska_ocn_wav_ice.002.cpl.hx.ww3.2022-09-15-03600.nc,0,2022-09-15 01:00:00,366,0,0.0,0.0,0.0,0.0,0.0,1.0
alaska_ocn_wav_ice.002.cpl.hx.ww3.2022-09-15-03600.nc,1,2022-09-15 02:00:00,366,0,0.0,0.0,0.0,0.0,0.0,1.0
alaska_ocn_wav_ice.002.cpl.hx.ww3.2022-09-15-03600.nc,2,2022-09-15 03:00:00,366,0,0.0,0.0,0.0,0.0,0.0,1.0
alaska_ocn_wav_ice.002.cpl.hx.ww3.2022-09-15-03600.nc,3,2022-09-15 04:00:00,366,0,0.0,0.0,0.0,0.0,0.0,1.0
alaska_ocn_wav_ice.002.cpl.hx.ww3.2022-09-15-03600.nc,4,2022-09-15 05:00:00,366,0,0.0,0.0,0.0,0.0,0.0,1.0
alaska_ocn_wav_ice.002.cpl.hx.ww3.2022-09-15-03600.nc,5,2022-09-15 06:00:00,366,0,0.0,0.0,0.0,0.0,0.0,1.0
alaska_ocn_wav_ice.002.cpl.hx.ww3.2022-09-15-03600.nc,6,2022-09-15 07:00:00,366,0,0.0,0.0,0.0,0.0,0.0,1.0
alaska_ocn_wav_ice.002.cpl.hx.ww3.2022-09-15-03600.nc,7,2022-09-15 08:00:00,366,0,0.0,0.0,0.0,0.0,0.0,1.0
alaska_ocn_wav_ice.002.cpl.hx.ww3.2022-09-15-03600.nc,8,2022-09-15 09:00:00,366,0,0.0,0.0,0.0,0.0,0.0,1.0
alaska_ocn_wav_ice.002.cpl.hx.ww3.2022-09-15-03600.nc,9,2022-09-15 10:00:00,366,0,0.0,0.0,0.0,0.0,0.0,1.0
alaska_ocn_wav_ice.002.cpl.hx.ww3.2022-09-15-03600.nc,10,2022-09-15 11:00:00,366,0,0.0,0.0,0.0,0.0,0.0,1.0
alaska_ocn_wav_ice.002.cpl.hx.ww3.2022-09-15-03600.nc,11,2022-09-15 12:00:00,366,0,0.0,0.0,0.0,0.0,0.0,1.0
alaska_ocn_wav_ice.002.cpl.hx.ww3.2022-09-15-03600.nc,12,2022-09-15 13:00:00,366,0,0.0,0.0,0.0,0.0,0.0,1.0
alaska_ocn_wav_ice.002.cpl.hx.ww3.2022-09-15-03600.nc,13,2022-09-15 14:00:00,366,0,0.0,0.0,0.0,0.0,0.0,1.0
alaska_ocn_wav_ice.002.cpl.hx.ww3.2022-09-15-03600.nc,14,2022-09-15 15:00:00,366,0,0.0,0.0,0.0,0.0,0.0,1.0
alaska_ocn_wav_ice.002.cpl.hx.ww3.2022-09-15-03600.nc,15,2022-09-15 16:00:00,366,0,0.0,0.0,0.0,0.0,0.0,1.0
alaska_ocn_wav_ice.002.cpl.hx.ww3.2022-09-15-03600.nc,16,2022-09-15 17:00:00,366,0,0.0,0.0,0.0,0.0,0.0,1.0
alaska_ocn_wav_ice.002.cpl.hx.ww3.2022-09-15-03600.nc,17,2022-09-15 18:00:00,366,0,0.0,0.0,0.0,0.0,0.0,1.0
alaska_ocn_wav_ice.002.cpl.hx.ww3.2022-09-15-03600.nc,18,2022-09-15 19:00:00,366,0,0.0,0.0,0.0,0.0,0.0,1.0
alaska_ocn_wav_ice.002.cpl.hx.ww3.2022-09-15-03600.nc,19,2022-09-15 20:00:00,366,0,0.0,0.0,0.0,0.0,0.0,1.0
alaska_ocn_wav_ice.002.cpl.hx.ww3.2022-09-15-03600.nc,20,2022-09-15 21:00:00,366,0,0.0,0.0,0.0,0.0,0.0,1.0
alaska_ocn_wav_ice.002.cpl.hx.ww3.2022-09-15-03600.nc,21,2022-09-15 22:00:00,366,0,0.0,0.0,0.0,0.0,0.0,1.0
alaska_ocn_wav_ice.002.cpl.hx.ww3.2022-09-15-03600.nc,22,2022-09-15 23:00:00,366,0,0.0,0.0,0.0,0.0,0.0,1.0
alaska_ocn_wav_ice.002.cpl.hx.ww3.2022-09-15-03600.nc,23,2022-09-16 00:00:00,15091,14725,10.020425654670293,10.406824111938477,13.750948905944824,14.904074668884277,16.893712997436523,0.024252865946590707
alaska_ocn_wav_ice.002.cpl.hx.ww3.2022-09-16-03600.nc,0,2022-09-16 01:00:00,366,0,0.0,0.0,0.0,0.0,0.0,1.0
alaska_ocn_wav_ice.002.cpl.hx.ww3.2022-09-16-03600.nc,1,2022-09-16 02:00:00,366,0,0.0,0.0,0.0,0.0,0.0,1.0
alaska_ocn_wav_ice.002.cpl.hx.ww3.2022-09-16-03600.nc,2,2022-09-16 03:00:00,366,0,0.0,0.0,0.0,0.0,0.0,1.0
alaska_ocn_wav_ice.002.cpl.hx.ww3.2022-09-16-03600.nc,3,2022-09-16 04:00:00,366,0,0.0,0.0,0.0,0.0,0.0,1.0
alaska_ocn_wav_ice.002.cpl.hx.ww3.2022-09-16-03600.nc,4,2022-09-16 05:00:00,366,0,0.0,0.0,0.0,0.0,0.0,1.0
alaska_ocn_wav_ice.002.cpl.hx.ww3.2022-09-16-03600.nc,5,2022-09-16 06:00:00,366,0,0.0,0.0,0.0,0.0,0.0,1.0
alaska_ocn_wav_ice.002.cpl.hx.ww3.2022-09-16-03600.nc,6,2022-09-16 07:00:00,366,0,0.0,0.0,0.0,0.0,0.0,1.0
alaska_ocn_wav_ice.002.cpl.hx.ww3.2022-09-16-03600.nc,7,2022-09-16 08:00:00,366,0,0.0,0.0,0.0,0.0,0.0,1.0
alaska_ocn_wav_ice.002.cpl.hx.ww3.2022-09-16-03600.nc,8,2022-09-16 09:00:00,366,0,0.0,0.0,0.0,0.0,0.0,1.0
alaska_ocn_wav_ice.002.cpl.hx.ww3.2022-09-16-03600.nc,9,2022-09-16 10:00:00,366,0,0.0,0.0,0.0,0.0,0.0,1.0
alaska_ocn_wav_ice.002.cpl.hx.ww3.2022-09-16-03600.nc,10,2022-09-16 11:00:00,366,0,0.0,0.0,0.0,0.0,0.0,1.0
alaska_ocn_wav_ice.002.cpl.hx.ww3.2022-09-16-03600.nc,11,2022-09-16 12:00:00,366,0,0.0,0.0,0.0,0.0,0.0,1.0
alaska_ocn_wav_ice.002.cpl.hx.ww3.2022-09-16-03600.nc,12,2022-09-16 13:00:00,366,0,0.0,0.0,0.0,0.0,0.0,1.0
alaska_ocn_wav_ice.002.cpl.hx.ww3.2022-09-16-03600.nc,13,2022-09-16 14:00:00,366,0,0.0,0.0,0.0,0.0,0.0,1.0
alaska_ocn_wav_ice.002.cpl.hx.ww3.2022-09-16-03600.nc,14,2022-09-16 15:00:00,366,0,0.0,0.0,0.0,0.0,0.0,1.0
alaska_ocn_wav_ice.002.cpl.hx.ww3.2022-09-16-03600.nc,15,2022-09-16 16:00:00,366,0,0.0,0.0,0.0,0.0,0.0,1.0
alaska_ocn_wav_ice.002.cpl.hx.ww3.2022-09-16-03600.nc,16,2022-09-16 17:00:00,366,0,0.0,0.0,0.0,0.0,0.0,1.0
alaska_ocn_wav_ice.002.cpl.hx.ww3.2022-09-16-03600.nc,17,2022-09-16 18:00:00,366,0,0.0,0.0,0.0,0.0,0.0,1.0
alaska_ocn_wav_ice.002.cpl.hx.ww3.2022-09-16-03600.nc,18,2022-09-16 19:00:00,366,0,0.0,0.0,0.0,0.0,0.0,1.0
alaska_ocn_wav_ice.002.cpl.hx.ww3.2022-09-16-03600.nc,19,2022-09-16 20:00:00,366,0,0.0,0.0,0.0,0.0,0.0,1.0
alaska_ocn_wav_ice.002.cpl.hx.ww3.2022-09-16-03600.nc,20,2022-09-16 21:00:00,366,0,0.0,0.0,0.0,0.0,0.0,1.0
alaska_ocn_wav_ice.002.cpl.hx.ww3.2022-09-16-03600.nc,21,2022-09-16 22:00:00,366,0,0.0,0.0,0.0,0.0,0.0,1.0
alaska_ocn_wav_ice.002.cpl.hx.ww3.2022-09-16-03600.nc,22,2022-09-16 23:00:00,366,0,0.0,0.0,0.0,0.0,0.0,1.0
alaska_ocn_wav_ice.002.cpl.hx.ww3.2022-09-16-03600.nc,23,2022-09-17 00:00:00,15091,14725,10.077322521759502,10.506998062133789,13.703811645507812,14.843143272399903,17.3048095703125,0.024252865946590707
alaska_ocn_wav_ice.002.cpl.hx.ww3.2022-09-17-03600.nc,0,2022-09-17 01:00:00,366,0,0.0,0.0,0.0,0.0,0.0,1.0
alaska_ocn_wav_ice.002.cpl.hx.ww3.2022-09-17-03600.nc,1,2022-09-17 02:00:00,366,0,0.0,0.0,0.0,0.0,0.0,1.0
alaska_ocn_wav_ice.002.cpl.hx.ww3.2022-09-17-03600.nc,2,2022-09-17 03:00:00,366,0,0.0,0.0,0.0,0.0,0.0,1.0
alaska_ocn_wav_ice.002.cpl.hx.ww3.2022-09-17-03600.nc,3,2022-09-17 04:00:00,366,0,0.0,0.0,0.0,0.0,0.0,1.0
alaska_ocn_wav_ice.002.cpl.hx.ww3.2022-09-17-03600.nc,4,2022-09-17 05:00:00,366,0,0.0,0.0,0.0,0.0,0.0,1.0
alaska_ocn_wav_ice.002.cpl.hx.ww3.2022-09-17-03600.nc,5,2022-09-17 06:00:00,366,0,0.0,0.0,0.0,0.0,0.0,1.0
alaska_ocn_wav_ice.002.cpl.hx.ww3.2022-09-17-03600.nc,6,2022-09-17 07:00:00,366,0,0.0,0.0,0.0,0.0,0.0,1.0
alaska_ocn_wav_ice.002.cpl.hx.ww3.2022-09-17-03600.nc,7,2022-09-17 08:00:00,366,0,0.0,0.0,0.0,0.0,0.0,1.0
alaska_ocn_wav_ice.002.cpl.hx.ww3.2022-09-17-03600.nc,8,2022-09-17 09:00:00,366,0,0.0,0.0,0.0,0.0,0.0,1.0
alaska_ocn_wav_ice.002.cpl.hx.ww3.2022-09-17-03600.nc,9,2022-09-17 10:00:00,366,0,0.0,0.0,0.0,0.0,0.0,1.0
alaska_ocn_wav_ice.002.cpl.hx.ww3.2022-09-17-03600.nc,10,2022-09-17 11:00:00,366,0,0.0,0.0,0.0,0.0,0.0,1.0
alaska_ocn_wav_ice.002.cpl.hx.ww3.2022-09-17-03600.nc,11,2022-09-17 12:00:00,366,0,0.0,0.0,0.0,0.0,0.0,1.0
alaska_ocn_wav_ice.002.cpl.hx.ww3.2022-09-17-03600.nc,12,2022-09-17 13:00:00,366,0,0.0,0.0,0.0,0.0,0.0,1.0
alaska_ocn_wav_ice.002.cpl.hx.ww3.2022-09-17-03600.nc,13,2022-09-17 14:00:00,366,0,0.0,0.0,0.0,0.0,0.0,1.0
alaska_ocn_wav_ice.002.cpl.hx.ww3.2022-09-17-03600.nc,14,2022-09-17 15:00:00,366,0,0.0,0.0,0.0,0.0,0.0,1.0
alaska_ocn_wav_ice.002.cpl.hx.ww3.2022-09-17-03600.nc,15,2022-09-17 16:00:00,366,0,0.0,0.0,0.0,0.0,0.0,1.0
alaska_ocn_wav_ice.002.cpl.hx.ww3.2022-09-17-03600.nc,16,2022-09-17 17:00:00,366,0,0.0,0.0,0.0,0.0,0.0,1.0
alaska_ocn_wav_ice.002.cpl.hx.ww3.2022-09-17-03600.nc,17,2022-09-17 18:00:00,366,0,0.0,0.0,0.0,0.0,0.0,1.0
alaska_ocn_wav_ice.002.cpl.hx.ww3.2022-09-17-03600.nc,18,2022-09-17 19:00:00,366,0,0.0,0.0,0.0,0.0,0.0,1.0
alaska_ocn_wav_ice.002.cpl.hx.ww3.2022-09-17-03600.nc,19,2022-09-17 20:00:00,366,0,0.0,0.0,0.0,0.0,0.0,1.0
alaska_ocn_wav_ice.002.cpl.hx.ww3.2022-09-17-03600.nc,20,2022-09-17 21:00:00,366,0,0.0,0.0,0.0,0.0,0.0,1.0
alaska_ocn_wav_ice.002.cpl.hx.ww3.2022-09-17-03600.nc,21,2022-09-17 22:00:00,366,0,0.0,0.0,0.0,0.0,0.0,1.0
alaska_ocn_wav_ice.002.cpl.hx.ww3.2022-09-17-03600.nc,22,2022-09-17 23:00:00,366,0,0.0,0.0,0.0,0.0,0.0,1.0
alaska_ocn_wav_ice.002.cpl.hx.ww3.2022-09-17-03600.nc,23,2022-09-18 00:00:00,15091,14725,10.096544999536688,10.484158515930176,13.732046127319336,14.99701509475708,16.897844314575195,0.024252865946590707
alaska_ocn_wav_ice.002.cpl.hx.ww3.2022-09-18-03600.nc,0,2022-09-18 01:00:00,366,0,0.0,0.0,0.0,0.0,0.0,1.0
alaska_ocn_wav_ice.002.cpl.hx.ww3.2022-09-18-03600.nc,1,2022-09-18 02:00:00,366,0,0.0,0.0,0.0,0.0,0.0,1.0
alaska_ocn_wav_ice.002.cpl.hx.ww3.2022-09-18-03600.nc,2,2022-09-18 03:00:00,366,0,0.0,0.0,0.0,0.0,0.0,1.0
alaska_ocn_wav_ice.002.cpl.hx.ww3.2022-09-18-03600.nc,3,2022-09-18 04:00:00,366,0,0.0,0.0,0.0,0.0,0.0,1.0
alaska_ocn_wav_ice.002.cpl.hx.ww3.2022-09-18-03600.nc,4,2022-09-18 05:00:00,366,0,0.0,0.0,0.0,0.0,0.0,1.0
alaska_ocn_wav_ice.002.cpl.hx.ww3.2022-09-18-03600.nc,5,2022-09-18 06:00:00,366,0,0.0,0.0,0.0,0.0,0.0,1.0
alaska_ocn_wav_ice.002.cpl.hx.ww3.2022-09-18-03600.nc,6,2022-09-18 07:00:00,366,0,0.0,0.0,0.0,0.0,0.0,1.0
alaska_ocn_wav_ice.002.cpl.hx.ww3.2022-09-18-03600.nc,7,2022-09-18 08:00:00,366,0,0.0,0.0,0.0,0.0,0.0,1.0
alaska_ocn_wav_ice.002.cpl.hx.ww3.2022-09-18-03600.nc,8,2022-09-18 09:00:00,366,0,0.0,0.0,0.0,0.0,0.0,1.0
alaska_ocn_wav_ice.002.cpl.hx.ww3.2022-09-18-03600.nc,9,2022-09-18 10:00:00,366,0,0.0,0.0,0.0,0.0,0.0,1.0
alaska_ocn_wav_ice.002.cpl.hx.ww3.2022-09-18-03600.nc,10,2022-09-18 11:00:00,366,0,0.0,0.0,0.0,0.0,0.0,1.0
alaska_ocn_wav_ice.002.cpl.hx.ww3.2022-09-18-03600.nc,11,2022-09-18 12:00:00,366,0,0.0,0.0,0.0,0.0,0.0,1.0
alaska_ocn_wav_ice.002.cpl.hx.ww3.2022-09-18-03600.nc,12,2022-09-18 13:00:00,366,0,0.0,0.0,0.0,0.0,0.0,1.0
alaska_ocn_wav_ice.002.cpl.hx.ww3.2022-09-18-03600.nc,13,2022-09-18 14:00:00,366,0,0.0,0.0,0.0,0.0,0.0,1.0
alaska_ocn_wav_ice.002.cpl.hx.ww3.2022-09-18-03600.nc,14,2022-09-18 15:00:00,366,0,0.0,0.0,0.0,0.0,0.0,1.0
alaska_ocn_wav_ice.002.cpl.hx.ww3.2022-09-18-03600.nc,15,2022-09-18 16:00:00,366,0,0.0,0.0,0.0,0.0,0.0,1.0
alaska_ocn_wav_ice.002.cpl.hx.ww3.2022-09-18-03600.nc,16,2022-09-18 17:00:00,366,0,0.0,0.0,0.0,0.0,0.0,1.0
alaska_ocn_wav_ice.002.cpl.hx.ww3.2022-09-18-03600.nc,17,2022-09-18 18:00:00,366,0,0.0,0.0,0.0,0.0,0.0,1.0
alaska_ocn_wav_ice.002.cpl.hx.ww3.2022-09-18-03600.nc,18,2022-09-18 19:00:00,366,0,0.0,0.0,0.0,0.0,0.0,1.0
alaska_ocn_wav_ice.002.cpl.hx.ww3.2022-09-18-03600.nc,19,2022-09-18 20:00:00,366,0,0.0,0.0,0.0,0.0,0.0,1.0
alaska_ocn_wav_ice.002.cpl.hx.ww3.2022-09-18-03600.nc,20,2022-09-18 21:00:00,366,0,0.0,0.0,0.0,0.0,0.0,1.0
alaska_ocn_wav_ice.002.cpl.hx.ww3.2022-09-18-03600.nc,21,2022-09-18 22:00:00,366,0,0.0,0.0,0.0,0.0,0.0,1.0
alaska_ocn_wav_ice.002.cpl.hx.ww3.2022-09-18-03600.nc,22,2022-09-18 23:00:00,366,0,0.0,0.0,0.0,0.0,0.0,1.0
alaska_ocn_wav_ice.002.cpl.hx.ww3.2022-09-18-03600.nc,23,2022-09-19 00:00:00,15091,14725,10.08713399348854,10.518738746643066,13.766826629638672,14.999462127685549,17.417753219604492,0.024252865946590707
alaska_ocn_wav_ice.002.cpl.hx.ww3.2022-09-19-03600.nc,0,2022-09-19 01:00:00,366,0,0.0,0.0,0.0,0.0,0.0,1.0
alaska_ocn_wav_ice.002.cpl.hx.ww3.2022-09-19-03600.nc,1,2022-09-19 02:00:00,366,0,0.0,0.0,0.0,0.0,0.0,1.0
alaska_ocn_wav_ice.002.cpl.hx.ww3.2022-09-19-03600.nc,2,2022-09-19 03:00:00,366,0,0.0,0.0,0.0,0.0,0.0,1.0
alaska_ocn_wav_ice.002.cpl.hx.ww3.2022-09-19-03600.nc,3,2022-09-19 04:00:00,366,0,0.0,0.0,0.0,0.0,0.0,1.0
alaska_ocn_wav_ice.002.cpl.hx.ww3.2022-09-19-03600.nc,4,2022-09-19 05:00:00,366,0,0.0,0.0,0.0,0.0,0.0,1.0
alaska_ocn_wav_ice.002.cpl.hx.ww3.2022-09-19-03600.nc,5,2022-09-19 06:00:00,366,0,0.0,0.0,0.0,0.0,0.0,1.0
alaska_ocn_wav_ice.002.cpl.hx.ww3.2022-09-19-03600.nc,6,2022-09-19 07:00:00,366,0,0.0,0.0,0.0,0.0,0.0,1.0
alaska_ocn_wav_ice.002.cpl.hx.ww3.2022-09-19-03600.nc,7,2022-09-19 08:00:00,366,0,0.0,0.0,0.0,0.0,0.0,1.0
alaska_ocn_wav_ice.002.cpl.hx.ww3.2022-09-19-03600.nc,8,2022-09-19 09:00:00,366,0,0.0,0.0,0.0,0.0,0.0,1.0
alaska_ocn_wav_ice.002.cpl.hx.ww3.2022-09-19-03600.nc,9,2022-09-19 10:00:00,366,0,0.0,0.0,0.0,0.0,0.0,1.0
alaska_ocn_wav_ice.002.cpl.hx.ww3.2022-09-19-03600.nc,10,2022-09-19 11:00:00,366,0,0.0,0.0,0.0,0.0,0.0,1.0
alaska_ocn_wav_ice.002.cpl.hx.ww3.2022-09-19-03600.nc,11,2022-09-19 12:00:00,366,0,0.0,0.0,0.0,0.0,0.0,1.0
alaska_ocn_wav_ice.002.cpl.hx.ww3.2022-09-19-03600.nc,12,2022-09-19 13:00:00,366,0,0.0,0.0,0.0,0.0,0.0,1.0
alaska_ocn_wav_ice.002.cpl.hx.ww3.2022-09-19-03600.nc,13,2022-09-19 14:00:00,366,0,0.0,0.0,0.0,0.0,0.0,1.0
alaska_ocn_wav_ice.002.cpl.hx.ww3.2022-09-19-03600.nc,14,2022-09-19 15:00:00,366,0,0.0,0.0,0.0,0.0,0.0,1.0
alaska_ocn_wav_ice.002.cpl.hx.ww3.2022-09-19-03600.nc,15,2022-09-19 16:00:00,366,0,0.0,0.0,0.0,0.0,0.0,1.0
alaska_ocn_wav_ice.002.cpl.hx.ww3.2022-09-19-03600.nc,16,2022-09-19 17:00:00,366,0,0.0,0.0,0.0,0.0,0.0,1.0
alaska_ocn_wav_ice.002.cpl.hx.ww3.2022-09-19-03600.nc,17,2022-09-19 18:00:00,366,0,0.0,0.0,0.0,0.0,0.0,1.0
alaska_ocn_wav_ice.002.cpl.hx.ww3.2022-09-19-03600.nc,18,2022-09-19 19:00:00,366,0,0.0,0.0,0.0,0.0,0.0,1.0
alaska_ocn_wav_ice.002.cpl.hx.ww3.2022-09-19-03600.nc,19,2022-09-19 20:00:00,366,0,0.0,0.0,0.0,0.0,0.0,1.0
alaska_ocn_wav_ice.002.cpl.hx.ww3.2022-09-19-03600.nc,20,2022-09-19 21:00:00,366,0,0.0,0.0,0.0,0.0,0.0,1.0
alaska_ocn_wav_ice.002.cpl.hx.ww3.2022-09-19-03600.nc,21,2022-09-19 22:00:00,366,0,0.0,0.0,0.0,0.0,0.0,1.0
alaska_ocn_wav_ice.002.cpl.hx.ww3.2022-09-19-03600.nc,22,2022-09-19 23:00:00,366,0,0.0,0.0,0.0,0.0,0.0,1.0
alaska_ocn_wav_ice.002.cpl.hx.ww3.2022-09-19-03600.nc,23,2022-09-20 00:00:00,15091,14725,10.135258738619754,10.526957511901855,13.851258277893066,15.115797328948975,17.68952178955078,0.024252865946590707
alaska_ocn_wav_ice.002.cpl.hx.ww3.2022-09-20-03600.nc,0,2022-09-20 01:00:00,366,0,0.0,0.0,0.0,0.0,0.0,1.0
alaska_ocn_wav_ice.002.cpl.hx.ww3.2022-09-20-03600.nc,1,2022-09-20 02:00:00,366,0,0.0,0.0,0.0,0.0,0.0,1.0
alaska_ocn_wav_ice.002.cpl.hx.ww3.2022-09-20-03600.nc,2,2022-09-20 03:00:00,366,0,0.0,0.0,0.0,0.0,0.0,1.0
alaska_ocn_wav_ice.002.cpl.hx.ww3.2022-09-20-03600.nc,3,2022-09-20 04:00:00,366,0,0.0,0.0,0.0,0.0,0.0,1.0
alaska_ocn_wav_ice.002.cpl.hx.ww3.2022-09-20-03600.nc,4,2022-09-20 05:00:00,366,0,0.0,0.0,0.0,0.0,0.0,1.0
alaska_ocn_wav_ice.002.cpl.hx.ww3.2022-09-20-03600.nc,5,2022-09-20 06:00:00,366,0,0.0,0.0,0.0,0.0,0.0,1.0
alaska_ocn_wav_ice.002.cpl.hx.ww3.2022-09-20-03600.nc,6,2022-09-20 07:00:00,366,0,0.0,0.0,0.0,0.0,0.0,1.0
alaska_ocn_wav_ice.002.cpl.hx.ww3.2022-09-20-03600.nc,7,2022-09-20 08:00:00,366,0,0.0,0.0,0.0,0.0,0.0,1.0
alaska_ocn_wav_ice.002.cpl.hx.ww3.2022-09-20-03600.nc,8,2022-09-20 09:00:00,366,0,0.0,0.0,0.0,0.0,0.0,1.0
alaska_ocn_wav_ice.002.cpl.hx.ww3.2022-09-20-03600.nc,9,2022-09-20 10:00:00,366,0,0.0,0.0,0.0,0.0,0.0,1.0
alaska_ocn_wav_ice.002.cpl.hx.ww3.2022-09-20-03600.nc,10,2022-09-20 11:00:00,366,0,0.0,0.0,0.0,0.0,0.0,1.0
alaska_ocn_wav_ice.002.cpl.hx.ww3.2022-09-20-03600.nc,11,2022-09-20 12:00:00,366,0,0.0,0.0,0.0,0.0,0.0,1.0
alaska_ocn_wav_ice.002.cpl.hx.ww3.2022-09-20-03600.nc,12,2022-09-20 13:00:00,366,0,0.0,0.0,0.0,0.0,0.0,1.0
alaska_ocn_wav_ice.002.cpl.hx.ww3.2022-09-20-03600.nc,13,2022-09-20 14:00:00,366,0,0.0,0.0,0.0,0.0,0.0,1.0
alaska_ocn_wav_ice.002.cpl.hx.ww3.2022-09-20-03600.nc,14,2022-09-20 15:00:00,366,0,0.0,0.0,0.0,0.0,0.0,1.0
alaska_ocn_wav_ice.002.cpl.hx.ww3.2022-09-20-03600.nc,15,2022-09-20 16:00:00,366,0,0.0,0.0,0.0,0.0,0.0,1.0
alaska_ocn_wav_ice.002.cpl.hx.ww3.2022-09-20-03600.nc,16,2022-09-20 17:00:00,366,0,0.0,0.0,0.0,0.0,0.0,1.0
alaska_ocn_wav_ice.002.cpl.hx.ww3.2022-09-20-03600.nc,17,2022-09-20 18:00:00,366,0,0.0,0.0,0.0,0.0,0.0,1.0
alaska_ocn_wav_ice.002.cpl.hx.ww3.2022-09-20-03600.nc,18,2022-09-20 19:00:00,366,0,0.0,0.0,0.0,0.0,0.0,1.0
alaska_ocn_wav_ice.002.cpl.hx.ww3.2022-09-20-03600.nc,19,2022-09-20 20:00:00,366,0,0.0,0.0,0.0,0.0,0.0,1.0
alaska_ocn_wav_ice.002.cpl.hx.ww3.2022-09-20-03600.nc,20,2022-09-20 21:00:00,366,0,0.0,0.0,0.0,0.0,0.0,1.0
alaska_ocn_wav_ice.002.cpl.hx.ww3.2022-09-20-03600.nc,21,2022-09-20 22:00:00,366,0,0.0,0.0,0.0,0.0,0.0,1.0
alaska_ocn_wav_ice.002.cpl.hx.ww3.2022-09-20-03600.nc,22,2022-09-20 23:00:00,366,0,0.0,0.0,0.0,0.0,0.0,1.0
alaska_ocn_wav_ice.002.cpl.hx.ww3.2022-09-20-03600.nc,23,2022-09-21 00:00:00,15091,14725,10.139701072574175,10.589225769042969,13.789165496826172,14.939090251922607,17.167789459228516,0.024252865946590707
